Data,MIOPS
0,0
1,0.00349339
2,0.00692989
3,0.011562
4,0.00855437
5,0.0189342
6,0.0190366
7,0.0244307
8,0.0317832
9,0.0303818
10,0.0305488
11,0.0398548
12,0.0458891
13,0.0479834
14,0.0559105
15,0.0554187
16,0.0596365
17,0.0686101
18,0.0651419
19,0.0665674
20,0.0711891
21,0.0772556
22,0.0761175
23,0.066011
24,0.0963306
25,0.0841193
26,0.095849
27,0.109372
28,0.0943279
29,0.108777
30,0.121667
31,0.115805
32,0.124
33,0.129634
34,0.127188
35,0.140409
36,0.135012
37,0.13686
38,0.15022
39,0.143294
40,0.149282
41,0.121211
42,0.161271
43,0.160163
44,0.177848
45,0.170526
46,0.169598
47,0.186623
48,0.177219
49,0.182336
50,0.2029
51,0.187566
52,0.187673
53,0.212756
54,0.200847
55,0.20654
56,0.225541
57,0.210032
58,0.223227
59,0.23044
60,0.221349
61,0.233836
62,0.237794
63,0.23281
64,0.253792
65,0.240574
66,0.246674
67,0.178474
68,0.27584
69,0.2391
70,0.251685
71,0.233043
72,0.269812
73,0.268504
74,0.298994
75,0.277157
76,0.27805
77,0.310478
78,0.288547
79,0.292387
80,0.321457
81,0.297098
82,0.221331
83,0.323675
84,0.323847
85,0.31681
86,0.34743
87,0.325846
88,0.324538
89,0.35969
90,0.325172
91,0.33557
92,0.365679
93,0.331427
94,0.271467
95,0.250053
96,0.385624
97,0.366325
98,0.252035
99,0.367733
100,0.399853
101,0.338555
102,0.29298
103,0.408678
104,0.394886
105,0.382379
106,0.429468
107,0.383098
108,0.365062
109,0.439167
110,0.40537
111,0.33386
112,0.428943
113,0.44434
114,0.423225
115,0.450694
116,0.444398
117,0.429011
118,0.473873
119,0.450698
120,0.365453
121,0.469753
122,0.475537
123,0.449172
124,0.492128
125,0.472256
126,0.389765
127,0.484729
128,0.497064
129,0.436693
130,0.490766
131,0.366249
132,0.509613
133,0.487158
134,0.524493
135,0.489286
136,0.507582
137,0.364095
138,0.548511
139,0.481599
140,0.510949
141,0.567005
142,0.529926
143,0.535556
144,0.525528
145,0.541172
146,0.543175
147,0.592689
148,0.497108
149,0.551668
150,0.448918
151,0.570069
152,0.545644
153,0.604619
154,0.577395
155,0.568713
156,0.513374
157,0.589527
158,0.578147
159,0.623701
160,0.609849
161,0.572695
162,0.640172
163,0.613631
164,0.50818
165,0.632851
166,0.644285
167,0.590649
168,0.651377
169,0.643327
170,0.531957
171,0.632513
172,0.692599
173,0.630489
174,0.682067
175,0.676355
176,0.639844
177,0.682449
178,0.677386
179,0.66565
180,0.709508
181,0.690755
182,0.683833
183,0.735856
184,0.688442
185,0.679747
186,0.743667
187,0.697579
188,0.725499
189,0.736655
190,0.714433
191,0.767232
192,0.728418
193,0.700336
194,0.769139
195,0.679525
196,0.711403
197,0.792948
198,0.718193
199,0.757166
200,0.802417
201,0.741049
202,0.771287
203,0.807045
204,0.742304
205,0.789184
206,0.792439
207,0.755874
208,0.799533
209,0.811187
210,0.760677
211,0.806344
212,0.810336
213,0.758696
214,0.847183
215,0.810168
216,0.798315
217,0.851441
218,0.802158
219,0.800813
220,0.88165
221,0.729445
222,0.793972
223,0.88811
224,0.820432
225,0.831132
226,0.882175
227,0.838737
228,0.847499
229,0.912787
230,0.849141
231,0.850321
232,0.932626
233,0.843845
234,0.876897
235,0.91644
236,0.867312
237,0.913735
238,0.628408
239,0.852682
240,0.87455
241,0.767932
242,0.6003
243,0.642437
244,0.665581
245,0.73973
246,0.678218
247,0.649791
248,0.539034
249,0.648865
250,0.605085
251,0.864364
252,0.919087
253,1.00586
254,0.924729
255,0.932522
256,1.02516
257,0.948648
258,0.860631
259,1.04262
260,0.950762
261,0.976139
262,1.05503
263,0.970222
264,0.98737
265,1.04849
266,0.942844
267,1.01542
268,1.02691
269,0.986902
270,1.02686
271,0.560714
272,0.485155
273,0.930597
274,1.02166
275,0.997045
276,0.99429
277,1.10826
278,0.943982
279,1.0081
280,1.08929
281,1.0579
282,1.03372
283,0.89431
284,1.12569
285,0.959758
286,0.839288
287,1.13135
288,1.06394
289,1.066
290,1.16138
291,1.05325
292,1.05077
293,1.15945
294,1.07554
295,1.05027
296,1.19145
297,1.09235
298,1.11272
299,1.19278
300,1.09966
301,1.01682
302,1.18867
303,1.09443
304,1.08528
305,1.21584
306,1.09912
307,1.11746
308,1.22555
309,1.12365
310,1.11782
311,1.23752
312,1.13789
313,1.14774
314,1.26159
315,1.16584
316,1.18852
317,1.27051
318,1.16053
319,1.1619
320,1.27762
321,1.15308
322,1.03384
323,1.29142
324,1.10656
325,0.947743
326,1.25516
327,1.23928
328,1.16962
329,1.28882
330,1.2426
331,1.18878
332,1.29255
333,1.24126
334,1.21628
335,1.34188
336,1.24637
337,1.19875
338,1.34264
339,1.21748
340,1.22377
341,1.32252
342,1.10087
343,1.2249
344,1.26354
345,1.27848
346,1.21583
347,1.03756
348,1.3596
349,1.20939
350,1.22287
351,1.37191
352,1.2393
353,1.2322
354,1.35103
355,1.10308
356,1.2418
357,1.25988
358,1.39529
359,1.13983
360,1.01563
361,1.34746
362,1.36698
363,1.26787
364,1.3056
365,1.25269
366,1.28136
367,1.27377
368,1.42405
369,1.31
370,1.23959
371,1.38547
372,1.36371
373,1.30276
374,1.27538
375,1.45401
376,1.20446
377,1.05513
378,1.37464
379,1.44153
380,1.26387
381,1.30837
382,1.48935
383,1.35395
384,1.34553
385,1.4995
386,1.37144
387,1.37216
388,1.49159
389,1.39167
390,1.36852
391,1.4134
392,1.43242
393,1.3702
394,1.45535
395,1.46129
396,1.39101
397,1.41369
398,1.52426
399,1.41834
400,1.40496
401,1.50901
402,1.0149
403,0.96811
404,1.33575
405,1.07387
406,1.17936
407,0.844898
408,1.35299
409,1.12227
410,1.53735
411,1.45172
412,1.43104
413,1.60177
414,1.43086
415,1.45341
416,1.62193
417,1.45886
418,1.4317
419,1.61264
420,1.46563
421,1.43586
422,1.64452
423,1.49295
424,1.49934
425,1.09525
426,1.53651
427,1.46577
428,1.4941
429,1.39571
430,1.61425
431,1.47064
432,1.49791
433,1.6776
434,1.49792
435,1.51975
436,1.68426
437,1.49136
438,1.19154
439,1.45085
440,1.69714
441,1.47529
442,1.51786
443,1.69903
444,1.56147
445,1.51722
446,1.6973
447,1.47972
448,1.55016
449,1.55462
450,1.73137
451,1.58432
452,1.56889
453,1.73705
454,1.57318
455,1.59193
456,1.75992
457,1.57942
458,1.58373
459,1.76572
460,1.58972
461,1.63945
462,1.80286
463,1.62593
464,1.60829
465,1.71707
466,1.70067
467,1.61843
468,1.75375
469,1.73775
470,1.44731
471,1.31161
472,1.68779
473,1.8375
474,1.66333
475,1.63821
476,1.84649
477,1.6646
478,1.67424
479,1.75017
480,1.68765
481,1.64812
482,1.44504
483,1.86501
484,1.61306
485,1.70297
486,1.53601
487,1.36967
488,1.79754
489,1.6251
490,1.84787
491,1.72311
492,1.68211
493,1.80675
494,1.76576
495,1.70616
496,1.75988
497,1.93713
498,1.71963
499,1.76176
500,1.93467
501,1.71407
502,1.76257
503,1.93115
504,1.70311
505,1.76512
506,1.95986
507,1.70801
508,1.79049
509,1.09522
510,1.14968
511,1.31621
512,1.04749
513,1.26276
514,1.65999
515,1.50527
516,1.69979
517,1.81361
518,1.76679
519,1.46921
520,1.92521
521,1.92372
522,1.83604
523,1.79991
524,2.03939
525,1.82609
526,1.79929
527,2.04468
528,1.74225
529,1.86352
530,2.0146
531,1.84275
532,1.84265
533,2.01863
534,1.89183
535,1.87011
536,1.86063
537,2.04525
538,1.86798
539,1.87301
540,1.6056
541,1.96185
542,1.67906
543,1.76436
544,2.11511
545,1.9183
546,1.76618
547,1.82042
548,2.11845
549,1.91191
550,1.87863
551,2.11033
552,1.95229
553,1.92294
554,2.11664
555,1.93471
556,1.91551
557,2.15416
558,1.94205
559,1.91793
560,2.08347
561,2.00977
562,1.9693
563,2.08631
564,2.02165
565,1.96823
566,1.46921
567,2.11483
568,2.06165
569,1.98412
570,2.08721
571,2.13884
572,1.78576
573,1.60445
574,1.8246
575,1.61901
576,1.66484
577,1.39853
578,1.11362
579,1.19321
580,1.41178
581,2.15879
582,2.11063
583,2.00045
584,2.04477
585,2.25427
586,1.4616
587,2.02581
588,1.9887
589,2.28965
590,1.99099
591,1.99973
592,2.26959
593,1.02313
594,1.49912
595,2.19071
596,2.15692
597,2.00909
598,2.02424
599,2.30482
600,2.06868
601,2.09359
602,2.21149
603,2.08282
604,2.06371
605,2.11332
606,2.20942
607,1.93784
608,2.05926
609,1.90108
610,2.1357
611,2.15352
612,2.0835
613,2.21164
614,2.03048
615,2.11729
616,2.1357
617,2.15488
618,2.15914
619,2.00294
620,2.36011
621,2.13492
622,2.03739
623,2.30651
624,2.17862
625,2.15998
626,2.12167
627,2.40765
628,2.0151
629,2.03374
630,2.25181
631,2.29789
632,2.15347
633,2.34301
634,2.28879
635,2.16989
636,2.17978
637,2.41877
638,2.09486
639,2.2025
640,2.34542
641,2.24262
642,2.11531
643,2.25229
644,2.39199
645,2.15323
646,1.82661
647,2.31313
648,2.48143
649,2.189
650,2.25054
651,2.47096
652,2.18603
653,2.25128
654,2.29824
655,2.35286
656,2.26367
657,2.25967
658,2.43427
659,2.24156
660,2.23636
661,2.54625
662,2.22263
663,2.28054
664,2.38299
665,2.41371
666,2.00722
667,2.20443
668,2.4542
669,2.26707
670,2.25337
671,2.30167
672,2.52765
673,2.27887
674,2.25262
675,2.46205
676,2.3061
677,2.29055
678,2.32188
679,2.49499
680,2.29105
681,2.30756
682,2.58372
683,2.31734
684,2.33706
685,2.47264
686,2.42697
687,2.10184
688,2.27151
689,2.41791
690,2.41923
691,2.1429
692,1.64893
693,2.0777
694,2.05382
695,2.16218
696,2.10596
697,2.14134
698,2.01156
699,2.00264
700,2.01359
701,2.32023
702,2.1441
703,1.96839
704,2.05227
705,2.11736
706,2.41368
707,2.25138
708,2.21627
709,2.19772
710,2.02556
711,2.39695
712,2.12492
713,2.05209
714,2.10525
715,2.21877
716,2.29797
717,2.10957
718,2.10503
719,2.25408
720,2.03706
721,2.27237
722,2.30261
723,1.954
724,1.77955
725,2.16662
726,2.11351
727,2.25174
728,2.51397
729,2.22023
730,2.14607
731,2.24647
732,2.3046
733,2.34028
734,2.31156
735,2.16939
736,2.17562
737,2.5443
738,2.2178
739,2.19361
740,2.27885
741,2.21561
742,2.36426
743,2.46194
744,2.41704
745,2.44913
746,2.73759
747,2.48758
748,2.45379
749,2.61411
750,2.7313
751,2.52284
752,2.50369
753,2.74525
754,2.49915
755,2.48928
756,2.61768
757,2.73342
758,2.52509
759,2.45781
760,2.74849
761,2.45853
762,2.55802
763,2.50487
764,2.64143
765,2.50211
766,2.4988
767,2.5504
768,2.76595
769,2.49313
770,2.6217
771,2.63071
772,2.71941
773,2.52299
774,2.44129
775,2.619
776,2.55497
777,2.51369
778,2.53383
779,2.80322
780,2.53492
781,2.60707
782,2.8226
783,2.56079
784,2.55804
785,2.40812
786,2.43242
787,2.44655
788,2.31491
789,2.22451
790,2.30575
791,2.28275
792,2.57465
793,2.31865
794,2.0822
795,2.35519
796,2.3164
797,2.23829
798,2.34685
799,2.68389
800,2.54235
801,2.61853
802,2.51145
803,2.911
804,2.48405
805,2.59364
806,2.59965
807,2.88683
808,2.63788
809,2.72945
810,2.60557
811,2.75329
812,2.58718
813,2.45327
814,2.37021
815,2.59927
816,2.56221
817,2.38045
818,2.66474
819,2.59854
820,2.53696
821,2.60233
822,2.37293
823,2.37795
824,2.35059
825,2.42286
826,2.77377
827,2.41391
828,2.37323
829,2.35373
830,2.53145
831,2.53702
832,2.74617
833,2.50611
834,2.72901
835,3.06915
836,2.91482
837,2.26872
838,2.21869
839,2.05016
840,2.21728
841,2.21632
842,2.27996
843,2.59024
844,2.83431
845,2.39413
846,2.4295
847,2.38373
848,2.56573
849,2.77446
850,2.84293
851,2.76463
852,2.79631
853,2.96809
854,2.83872
855,2.77411
856,2.88398
857,3.12378
858,2.85162
859,2.54936
860,2.70474
861,3.10047
862,2.88925
863,2.67096
864,2.93628
865,3.06415
866,2.78883
867,2.69508
868,2.80396
869,3.07832
870,2.88103
871,2.86431
872,3.07307
873,3.00444
874,2.73894
875,2.8322
876,3.07811
877,2.85287
878,2.62299
879,2.59161
880,2.45289
881,2.80328
882,2.74645
883,2.73536
884,2.51451
885,2.6013
886,2.97385
887,2.80408
888,2.8804
889,2.82393
890,2.77535
891,3.27559
892,2.63308
893,2.94567
894,2.63805
895,3.11988
896,2.98229
897,2.91663
898,3.09958
899,3.30573
900,2.9615
901,2.92756
902,3.32688
903,3.00282
904,2.79582
905,2.9997
906,3.25669
907,2.79355
908,2.95794
909,2.89099
910,3.30264
911,2.99787
912,2.71437
913,2.62236
914,2.97817
915,2.64075
916,2.57255
917,2.70213
918,2.88984
919,3.19519
920,3.20377
921,3.02401
922,2.93292
923,3.30363
924,3.00975
925,3.14118
926,3.16249
927,3.38074
928,3.14005
929,2.99613
930,3.23613
931,3.15909
932,3.09525
933,3.11426
934,3.29349
935,3.10119
936,3.18823
937,3.38314
938,3.18495
939,3.14884
940,3.17196
941,3.44581
942,3.11199
943,3.12967
944,3.41303
945,3.24792
946,3.1812
947,3.199
948,3.48927
949,3.15905
950,3.07277
951,3.33696
952,3.35897
953,3.08639
954,2.53205
955,2.93224
956,3.51999
957,3.20252
958,3.14395
959,3.38123
960,3.30681
961,3.1777
962,3.26179
963,3.21799
964,3.25286
965,2.80128
966,2.94993
967,3.40547
968,3.3768
969,3.21893
970,3.22061
971,3.61199
972,3.21863
973,3.32074
974,3.40289
975,3.05437
976,1.98256
977,2.05274
978,2.84507
979,1.87808
980,2.10668
981,2.22938
982,3.39581
983,3.68155
984,3.27436
985,3.27012
986,3.28205
987,3.63246
988,3.3294
989,3.24345
990,3.57014
991,3.3186
992,3.3323
993,3.11762
994,3.67427
995,3.38527
996,3.37476
997,3.63157
998,3.48084
999,3.35824
1000,3.35664
1001,3.52469
1002,3.43451
1003,3.37404
1004,3.74368
1005,3.34741
1006,3.07895
1007,3.34613
1008,3.75941
1009,3.32756
1010,3.35944
1011,3.64699
1012,3.55541
1013,3.387
1014,3.48921
1015,3.82835
1016,3.35927
1017,3.35948
1018,3.49148
1019,3.61649
1020,3.32695
1021,3.55462
1022,3.86601
1023,3.33848
1024,3.42118
1025,3.69853
1026,3.60465
1027,3.36583
1028,3.48738
1029,3.69523
1030,3.45771
1031,3.46694
1032,3.68595
1033,3.60489
1034,3.47324
1035,3.41075
1036,3.80978
1037,3.55777
1038,3.49825
1039,3.85343
1040,3.40203
1041,3.4534
1042,3.44097
1043,3.82637
1044,3.44304
1045,3.43795
1046,3.74032
1047,3.66443
1048,3.41719
1049,3.49758
1050,3.87959
1051,3.62755
1052,3.58241
1053,3.82427
1054,3.57971
1055,3.55854
1056,3.60828
1057,3.88724
1058,3.56161
1059,3.55599
1060,3.70284
1061,3.66659
1062,3.27316
1063,3.56353
1064,3.95179
1065,3.36672
1066,3.47506
1067,3.55581
1068,3.98594
1069,3.59745
1070,3.61167
1071,3.76156
1072,3.66506
1073,3.60751
1074,3.63572
1075,3.96379
1076,3.42319
1077,3.62453
1078,3.88154
1079,3.88262
1080,3.67322
1081,3.74422
1082,3.98131
1083,3.64374
1084,3.65097
1085,4.13712
1086,3.72268
1087,3.71478
1088,3.98265
1089,3.85801
1090,3.77774
1091,3.65584
1092,4.13417
1093,3.68582
1094,3.68922
1095,4.17987
1096,3.74522
1097,3.70499
1098,3.92238
1099,3.92581
1100,3.73787
1101,3.94642
1102,4.15841
1103,3.7171
1104,3.73817
1105,4.19519
1106,3.30512
1107,3.77929
1108,3.12432
1109,4.19667
1110,3.70816
1111,3.54612
1112,3.89353
1113,4.22259
1114,3.73713
1115,3.81614
1116,4.23988
1117,3.7252
1118,3.75874
1119,4.17316
1120,3.96713
1121,3.82689
1122,3.92422
1123,4.2482
1124,3.75817
1125,3.76166
1126,4.2806
1127,3.88159
1128,3.79932
1129,4.05543
1130,3.94179
1131,3.87004
1132,3.92712
1133,4.2909
1134,3.8922
1135,3.90269
1136,4.32993
1137,3.72518
1138,3.7516
1139,4.16568
1140,4.06106
1141,3.85015
1142,3.94391
1143,4.32117
1144,3.92043
1145,3.90976
1146,4.32784
1147,2.7831
1148,2.43166
1149,2.06037
1150,2.05456
1151,2.14973
1152,2.41937
1153,3.98511
1154,3.82594
1155,3.85177
1156,3.87183
1157,3.65195
1158,3.12846
1159,4.23972
1160,3.9336
1161,4.03143
1162,4.31025
1163,3.94001
1164,3.87268
1165,4.03785
1166,4.40865
1167,3.87367
1168,3.95681
1169,4.34064
1170,4.01503
1171,3.90262
1172,4.14857
1173,4.34099
1174,4.05153
1175,3.11864
1176,4.00038
1177,4.46862
1178,4.01438
1179,3.93151
1180,4.51421
1181,3.96402
1182,3.8578
1183,4.19538
1184,4.34197
1185,3.98641
1186,3.71162
1187,2.92879
1188,4.2183
1189,4.27303
1190,4.1245
1191,4.09708
1192,2.86647
1193,4.16245
1194,3.96586
1195,4.06774
1196,4.27295
1197,4.38555
1198,3.69263
1199,3.96256
1200,4.34724
1201,4.26924
1202,4.08892
1203,4.11195
1204,4.51181
1205,3.89593
1206,4.06115
1207,4.41018
1208,4.25
1209,4.0748
1210,4.10745
1211,4.57784
1212,4.05813
1213,4.06706
1214,4.51382
1215,4.26435
1216,4.0034
1217,4.11953
1218,4.58495
1219,4.0879
1220,4.04701
1221,4.61666
1222,4.09186
1223,4.11927
1224,3.64421
1225,4.57987
1226,4.0066
1227,4.1884
1228,4.21585
1229,4.57481
1230,4.10226
1231,4.07913
1232,4.57538
1233,4.19088
1234,4.14449
1235,3.67166
1236,4.65008
1237,4.1568
1238,3.84687
1239,4.21763
1240,4.63023
1241,4.10863
1242,4.09921
1243,4.35575
1244,4.41821
1245,3.62001
1246,4.12539
1247,3.14256
1248,4.72268
1249,4.11597
1250,4.23177
1251,4.16574
1252,4.6906
1253,4.136
1254,4.19388
1255,4.69401
1256,4.30697
1257,4.28593
1258,4.1896
1259,4.75764
1260,3.91722
1261,4.19018
1262,4.52297
1263,4.43259
1264,4.22594
1265,4.31101
1266,4.70833
1267,4.23781
1268,4.25386
1269,4.56817
1270,4.42822
1271,4.30334
1272,4.14924
1273,4.82202
1274,4.22792
1275,4.32633
1276,4.57569
1277,4.6347
1278,4.34118
1279,4.33564
1280,4.78215
1281,4.34768
1282,4.22921
1283,4.5667
1284,4.57971
1285,4.34655
1286,4.35637
1287,4.75408
1288,4.31664
1289,4.268
1290,4.69253
1291,4.52558
1292,4.29833
1293,4.3432
1294,4.83476
1295,4.28273
1296,4.28512
1297,4.30472
1298,4.8612
1299,4.37595
1300,4.32274
1301,4.80926
1302,4.35893
1303,3.75586
1304,3.79467
1305,4.30175
1306,4.58693
1307,4.24582
1308,4.09772
1309,4.37303
1310,4.79511
1311,4.30083
1312,4.31076
1313,4.6193
1314,4.61195
1315,4.02085
1316,4.20561
1317,4.58637
1318,4.67962
1319,4.28616
1320,4.31521
1321,4.63111
1322,4.50661
1323,4.30304
1324,4.30247
1325,4.85007
1326,4.29418
1327,4.36248
1328,4.24611
1329,4.88092
1330,4.27142
1331,4.39252
1332,4.37098
1333,4.88359
1334,4.42264
1335,4.26134
1336,4.40747
1337,4.76179
1338,4.2057
1339,4.33752
1340,4.40196
1341,4.84754
1342,4.48999
1343,4.34586
1344,4.70424
1345,4.64318
1346,4.50466
1347,4.43136
1348,4.85832
1349,4.43415
1350,4.54145
1351,4.73794
1352,4.59934
1353,4.42798
1354,4.49393
1355,4.97915
1356,4.437
1357,4.46232
1358,4.55292
1359,4.96357
1360,4.50224
1361,4.44819
1362,4.72359
1363,4.76116
1364,4.48092
1365,4.42382
1366,5.01879
1367,4.44394
1368,4.49391
1369,4.36179
1370,5.01418
1371,4.446
1372,3.87823
1373,4.52856
1374,3.35167
1375,5.04171
1376,4.34389
1377,4.49171
1378,4.40647
1379,5.07308
1380,4.60288
1381,4.5178
1382,4.53442
1383,5.00856
1384,4.34189
1385,4.52274
1386,4.54717
1387,5.04039
1388,4.55647
1389,3.79963
1390,3.65093
1391,4.64802
1392,5.00927
1393,4.63507
1394,4.40178
1395,4.3434
1396,5.11071
1397,4.52525
1398,4.59103
1399,4.93849
1400,4.91125
1401,4.68332
1402,4.58354
1403,4.09026
1404,5.14141
1405,4.53048
1406,4.67471
1407,4.85747
1408,4.9283
1409,4.4188
1410,4.65654
1411,5.00573
1412,4.76383
1413,4.57437
1414,4.74656
1415,5.11976
1416,4.72249
1417,4.74021
1418,4.76663
1419,5.18991
1420,4.65479
1421,3.82342
1422,4.01471
1423,4.88701
1424,5.18937
1425,4.64363
1426,3.94119
1427,4.74115
1428,5.22145
1429,4.64489
1430,4.58044
1431,3.11561
1432,4.28268
1433,4.96016
1434,5.09016
1435,4.71315
1436,4.76119
1437,4.97223
1438,4.89595
1439,4.68475
1440,4.2938
1441,5.11988
1442,4.90368
1443,4.71851
1444,4.70811
1445,5.25776
1446,4.64366
1447,4.66433
1448,4.69715
1449,5.30445
1450,4.73153
1451,4.13644
1452,4.66633
1453,5.0798
1454,4.86089
1455,4.73614
1456,4.64456
1457,5.20409
1458,4.78299
1459,4.81475
1460,4.75896
1461,5.28247
1462,4.74198
1463,4.82536
1464,4.88893
1465,5.3195
1466,4.80853
1467,4.73493
1468,4.82392
1469,5.38026
1470,4.57951
1471,4.93972
1472,4.91893
1473,4.73025
1474,4.78408
1475,4.80511
1476,4.77042
1477,5.3636
1478,4.79019
1479,4.68131
1480,4.85529
1481,5.32179
1482,4.93014
1483,4.88649
1484,5.24169
1485,5.04721
1486,4.83252
1487,4.76732
1488,5.35633
1489,4.99393
1490,4.90124
1491,4.91212
1492,5.35122
1493,4.91139
1494,4.79112
1495,4.6895
1496,5.34438
1497,4.8416
1498,4.93434
1499,5.25661
1500,5.25192
1501,4.79936
1502,5.04421
1503,5.50046
1504,5.00612
1505,4.86795
1506,4.97273
1507,5.45813
1508,4.98023
1509,4.92949
1510,5.31494
1511,5.18558
1512,5.05505
1513,4.97509
1514,5.52531
1515,4.93847
1516,4.93465
1517,5.27649
1518,5.33536
1519,4.94391
1520,5.03136
1521,5.31582
1522,5.21345
1523,4.51364
1524,4.90116
1525,5.32826
1526,5.21041
1527,4.99011
1528,4.95787
1529,5.42589
1530,5.20541
1531,5.03925
1532,5.06179
1533,5.60139
1534,5.12081
1535,5.06609
1536,5.10596
1537,5.6027
1538,4.92554
1539,4.9386
1540,5.4191
1541,5.42249
1542,4.97821
1543,3.69668
1544,4.66378
1545,4.70646
1546,5.66597
1547,5.12342
1548,5.1147
1549,5.07561
1550,5.59526
1551,5.08241
1552,4.98183
1553,5.44469
1554,5.33266
1555,5.14858
1556,4.05264
1557,3.38746
1558,3.03361
1559,3.75116
1560,3.39358
1561,3.64454
1562,3.14389
1563,5.2318
1564,5.67396
1565,4.93667
1566,4.34765
1567,4.16379
1568,5.17202
1569,5.71117
1570,5.05059
1571,5.07708
1572,5.2875
1573,5.66704
1574,5.25455
1575,5.14697
1576,3.85904
1577,5.47594
1578,5.34314
1579,5.18637
1580,5.27322
1581,5.35067
1582,5.15734
1583,5.17689
1584,5.18347
1585,5.12812
1586,5.39529
1587,5.01398
1588,5.07369
1589,3.91228
1590,5.49774
1591,5.36956
1592,5.16305
1593,5.19282
1594,5.71793
1595,5.1644
1596,5.24224
1597,5.11384
1598,5.7291
1599,5.27036
1600,5.17531
1601,5.24932
1602,4.43479
1603,5.79673
1604,5.21123
1605,5.21994
1606,5.53799
1607,5.59614
1608,5.25916
1609,5.21595
1610,5.70109
1611,5.4361
1612,5.35931
1613,5.31484
1614,5.79221
1615,5.38303
1616,5.17663
1617,5.32412
1618,5.57562
1619,5.38112
1620,5.24535
1621,5.44889
1622,5.84147
1623,5.16267
1624,5.32394
1625,5.50474
1626,5.82869
1627,5.05076
1628,5.36785
1629,5.50241
1630,5.88879
1631,5.31085
1632,5.37714
1633,5.71489
1634,5.58919
1635,5.38086
1636,5.28028
1637,6.00701
1638,5.34447
1639,5.44252
1640,5.39071
1641,5.8486
1642,5.3995
1643,5.38068
1644,5.65391
1645,5.98025
1646,5.28606
1647,5.43834
1648,5.83198
1649,5.71557
1650,5.43323
1651,5.3705
1652,4.05175
1653,4.09831
1654,6.018
1655,5.41714
1656,5.5099
1657,5.40444
1658,5.96839
1659,5.30495
1660,5.3647
1661,5.83622
1662,5.51734
1663,4.28987
1664,4.93348
1665,5.34957
1666,5.75554
1667,5.80725
1668,5.20117
1669,5.33795
1670,5.8651
1671,5.61709
1672,5.40689
1673,5.32358
1674,5.96436
1675,5.54911
1676,5.46872
1677,5.35672
1678,6.0045
1679,5.44123
1680,5.52177
1681,5.4475
1682,6.03051
1683,5.61877
1684,5.53692
1685,5.58489
1686,5.40237
1687,5.61263
1688,5.44824
1689,5.74701
1690,5.64166
1691,5.54018
1692,5.60348
1693,5.89799
1694,5.59445
1695,5.48993
1696,5.59985
1697,6.09036
1698,5.77698
1699,5.44089
1700,5.9115
1701,5.89418
1702,5.48003
1703,5.5909
1704,6.03945
1705,5.38259
1706,5.47581
1707,5.49728
1708,5.79425
1709,5.89022
1710,5.57236
1711,5.0548
1712,4.38278
1713,5.93524
1714,5.84863
1715,5.64693
1716,5.61629
1717,5.90345
1718,5.83734
1719,3.9273
1720,3.43425
1721,2.95814
1722,3.4167
1723,3.19822
1724,3.37703
1725,6.20481
1726,5.84006
1727,5.58105
1728,4.85012
1729,5.18954
1730,5.04631
1731,5.87477
1732,5.65606
1733,4.57232
1734,5.53145
1735,6.24534
1736,5.60394
1737,5.69654
1738,5.76514
1739,6.37101
1740,5.42704
1741,5.715
1742,5.89719
1743,6.37155
1744,5.3348
1745,5.58114
1746,5.42354
1747,6.25712
1748,5.7382
1749,5.74658
1750,5.66541
1751,5.7622
1752,5.82951
1753,5.8307
1754,5.879
1755,6.42535
1756,5.42483
1757,5.77938
1758,5.76976
1759,5.24081
1760,5.91662
1761,5.77648
1762,4.73694
1763,5.72245
1764,6.43279
1765,5.82729
1766,4.88892
1767,5.77986
1768,6.2414
1769,5.98379
1770,5.67299
1771,5.79478
1772,6.18938
1773,6.1059
1774,5.83169
1775,5.9454
1776,6.45555
1777,5.7929
1778,5.76689
1779,5.19504
1780,6.54279
1781,5.67939
1782,5.00257
1783,5.87398
1784,6.30351
1785,6.05269
1786,5.75544
1787,5.83386
1788,6.40637
1789,6.01907
1790,5.91546
1791,5.91284
1792,6.57929
1793,5.7444
1794,5.80016
1795,5.86636
1796,4.43555
1797,6.5737
1798,5.80449
1799,5.55218
1800,5.2404
1801,6.59074
1802,5.73927
1803,5.28081
1804,5.9101
1805,6.36579
1806,6.13145
1807,5.92242
1808,5.97982
1809,6.5868
1810,5.89413
1811,5.96083
1812,5.90474
1813,6.64163
1814,6.055
1815,5.90077
1816,4.45243
1817,6.2126
1818,6.5903
1819,5.90907
1820,6.00224
1821,6.28646
1822,6.15786
1823,5.92614
1824,6.06268
1825,6.60988
1826,6.10896
1827,5.3172
1828,5.85247
1829,6.1634
1830,6.40943
1831,5.98571
1832,4.96589
1833,4.69234
1834,4.72967
1835,5.84665
1836,6.68086
1837,5.74314
1838,5.95705
1839,5.95599
1840,6.6942
1841,3.62337
1842,3.97647
1843,6.24566
1844,6.22937
1845,4.31481
1846,5.12113
1847,6.03039
1848,5.30216
1849,4.30335
1850,6.45213
1851,5.95479
1852,3.16478
1853,5.55078
1854,5.77557
1855,3.41245
1856,6.65658
1857,5.75225
1858,4.31862
1859,4.9202
1860,5.81923
1861,4.16339
1862,5.17025
1863,6.1086
1864,4.40381
1865,4.38184
1866,6.58835
1867,6.1688
1868,4.57398
1869,5.93833
1870,6.158
1871,4.50323
1872,6.35434
1873,6.43782
1874,5.25814
1875,3.85749
1876,6.00579
1877,5.83236
1878,3.69024
1879,6.09023
1880,6.3906
1881,6.6606
1882,5.65349
1883,5.57518
1884,5.08825
1885,6.16896
1886,6.82056
1887,6.14864
1888,6.12327
1889,6.13547
1890,6.72892
1891,6.05271
1892,4.89028
1893,5.53687
1894,3.48463
1895,4.80172
1896,2.79384
1897,4.73874
1898,3.85645
1899,4.02062
1900,4.70099
1901,4.60927
1902,3.65511
1903,3.87944
1904,6.77925
1905,6.13655
1906,6.14007
1907,5.97222
1908,6.60226
1909,6.44612
1910,6.00606
1911,6.11373
1912,6.59636
1913,6.51462
1914,5.64261
1915,6.15736
1916,6.20778
1917,6.87178
1918,6.18999
1919,6.17256
1920,5.96329
1921,6.97273
1922,5.79934
1923,6.26619
1924,6.12807
1925,6.94778
1926,6.11891
1927,6.34529
1928,6.15434
1929,6.88641
1930,5.47414
1931,6.1535
1932,6.22248
1933,6.60866
1934,6.50598
1935,6.18899
1936,6.17741
1937,6.5927
1938,6.21608
1939,6.34095
1940,6.19626
1941,6.77116
1942,6.42568
1943,6.26689
1944,6.27123
1945,6.63087
1946,6.38315
1947,6.33795
1948,6.15565
1949,5.28117
1950,6.79686
1951,6.32046
1952,6.84127
1953,6.43647
1954,6.49655
1955,6.13151
1956,5.46109
1957,6.18062
1958,6.08326
1959,6.91159
1960,6.07729
1961,6.2504
1962,6.29714
1963,6.85448
1964,6.2853
1965,6.29572
1966,5.7983
1967,6.49282
1968,6.34358
1969,6.22388
1970,5.65694
1971,6.35182
1972,6.96684
1973,6.17479
1974,6.31433
1975,4.95923
1976,6.26046
1977,6.90904
1978,6.19797
1979,5.60938
1980,6.21026
1981,6.46688
1982,6.9388
1983,6.26972
1984,6.26259
1985,5.98564
1986,4.7998
1987,6.98487
1988,5.82564
1989,6.42452
1990,6.35823
1991,6.49137
1992,6.24971
1993,6.40225
1994,6.33177
1995,6.56769
1996,6.91555
1997,6.37887
1998,6.36444
1999,6.49327
2000,6.86726
2001,6.32683
2002,6.51678
2003,6.43007
2004,7.04055
2005,6.35368
2006,6.5176
2007,4.98857
2008,6.24161
2009,6.86697
2010,6.39404
2011,6.53846
2012,6.35643
2013,7.08686
2014,6.42496
2015,6.32544
2016,6.3885
2017,7.0937
2018,6.49115
2019,6.40973
2020,6.50857
2021,7.1334
2022,6.48208
2023,6.34398
2024,6.39808
2025,7.01367
2026,6.59548
2027,6.36881
2028,6.33123
2029,5.07288
2030,6.58595
2031,7.06275
2032,6.11394
2033,6.41224
2034,6.43412
2035,7.15202
2036,6.46735
2037,6.52138
2038,6.38527
2039,5.03572
2040,7.1874
2041,6.56498
2042,6.49254
2043,5.68677
2044,6.23309
2045,7.22321
2046,6.58005
2047,6.34021
2048,6.5113
2049,6.93859
2050,6.63566
2051,6.48015
2052,6.44462
2053,6.94203
2054,6.91834
2055,6.37051
2056,6.47422
2057,6.57132
2058,7.14715
2059,6.50707
2060,6.51095
2061,6.55534
2062,4.84923
2063,7.05589
2064,6.65056
2065,6.53305
2066,5.7301
2067,4.99635
2068,6.48499
2069,5.42259
2070,7.26979
2071,6.19078
2072,6.47621
2073,6.35067
2074,6.96277
2075,6.98101
2076,6.53529
2077,6.49505
2078,6.49909
2079,7.24587
2080,6.52866
2081,6.64268
2082,6.61799
2083,6.4415
2084,6.69371
2085,6.61758
2086,5.56271
2087,5.3128
2088,5.51546
2089,6.81862
2090,7.26017
2091,6.45516
2092,6.49639
2093,6.67847
2094,7.40055
2095,6.67389
2096,6.54709
2097,5.31253
2098,5.15534
2099,4.56334
2100,4.17734
2101,5.26072
2102,4.42643
2103,3.89259
2104,5.40423
2105,4.53175
2106,5.26711
2107,6.5412
2108,7.45548
2109,6.53781
2110,6.87744
2111,6.65129
2112,7.45092
2113,6.76134
2114,6.65816
2115,6.68411
2116,7.04683
2117,6.98629
2118,6.66715
2119,6.68412
2120,7.13044
2121,7.21895
2122,6.78074
2123,5.7311
2124,6.15965
2125,6.63337
2126,7.50198
2127,6.71539
2128,6.7591
2129,6.76825
2130,7.48366
2131,6.65917
2132,6.79121
2133,6.80802
2134,7.50748
2135,6.959
2136,6.78645
2137,6.7088
2138,7.21566
2139,7.00886
2140,6.35209
2141,5.89645
2142,6.43311
2143,7.23192
2144,7.39675
2145,6.72241
2146,6.79178
2147,6.95087
2148,7.52219
2149,6.63681
2150,6.73084
2151,6.73467
2152,5.1998
2153,7.55274
2154,7.09587
2155,6.20367
2156,6.76049
2157,6.85639
2158,5.26412
2159,7.62434
2160,6.7136
2161,6.86304
2162,6.29687
2163,7.28008
2164,7.21393
2165,6.27709
2166,5.87932
2167,5.60607
2168,5.49069
2169,6.91469
2170,7.53158
2171,6.89563
2172,6.97607
2173,6.88519
2174,7.5515
2175,6.89345
2176,6.44995
2177,5.92579
2178,6.84776
2179,7.2723
2180,7.2024
2181,6.89448
2182,6.86634
2183,6.94482
2184,7.66768
2185,6.66494
2186,6.78903
2187,6.79003
2188,7.6745
2189,7.14258
2190,6.84268
2191,6.45966
2192,7.10899
2193,7.70894
2194,7.00339
2195,6.86577
2196,6.95025
2197,7.72191
2198,6.80723
2199,6.89694
2200,5.40903
2201,6.97468
2202,7.65216
2203,6.88169
2204,6.93027
2205,6.88273
2206,7.38875
2207,7.19708
2208,7.00319
2209,7.04277
2210,7.43194
2211,7.22674
2212,6.99498
2213,6.86361
2214,7.4836
2215,7.48445
2216,6.91933
2217,6.24639
2218,6.99916
2219,7.61217
2220,7.13574
2221,6.98
2222,6.83419
2223,7.38938
2224,7.39718
2225,6.98258
2226,6.00842
2227,7.01049
2228,6.92183
2229,7.8131
2230,6.61168
2231,7.0956
2232,7.05158
2233,7.80518
2234,7.22166
2235,7.03257
2236,6.51473
2237,6.48055
2238,7.69993
2239,6.76967
2240,6.96821
2241,6.77131
2242,7.19385
2243,7.71581
2244,7.07206
2245,7.04424
2246,5.88112
2247,6.94172
2248,7.89764
2249,6.90089
2250,7.09092
2251,7.10023
2252,7.56886
2253,7.31691
2254,7.07637
2255,4.27472
2256,4.66784
2257,4.90511
2258,4.25254
2259,5.6156
2260,4.26959
2261,5.34579
2262,7.10238
2263,7.24329
2264,5.42819
2265,5.50472
2266,7.068
2267,7.43193
2268,7.51902
2269,6.6999
2270,7.04866
2271,6.97332
2272,7.89135
2273,7.14528
2274,7.06799
2275,7.06956
2276,7.68491
2277,7.44088
2278,7.24136
2279,7.24331
2280,7.44011
2281,7.81606
2282,6.87097
2283,6.32249
2284,7.09235
2285,7.38223
2286,7.97691
2287,7.13283
2288,6.68556
2289,7.198
2290,7.6889
2291,7.2747
2292,7.09615
2293,7.04141
2294,7.18094
2295,7.91803
2296,7.16358
2297,7.24315
2298,7.22955
2299,7.53568
2300,7.64292
2301,7.15941
2302,7.30233
2303,7.61292
2304,7.73284
2305,7.16246
2306,7.24258
2307,7.30514
2308,8.00647
2309,7.23706
2310,7.27846
2311,7.21856
2312,8.09249
2313,7.35355
2314,7.4477
2315,7.33837
2316,8.09253
2317,7.44832
2318,7.37038
2319,7.27552
2320,5.57223
2321,7.92164
2322,6.23531
2323,6.58182
2324,7.1926
2325,7.43401
2326,7.41078
2327,7.98704
2328,7.70626
2329,7.4047
2330,7.40665
2331,7.86344
2332,7.61079
2333,7.36787
2334,7.24683
2335,5.62208
2336,7.33565
2337,8.0639
2338,7.42878
2339,7.53386
2340,7.4148
2341,5.75828
2342,8.24285
2343,7.38704
2344,7.44926
2345,7.40156
2346,8.28516
2347,7.71172
2348,7.41454
2349,6.68503
2350,7.42226
2351,8.22209
2352,7.27921
2353,7.31984
2354,7.36223
2355,7.6184
2356,7.70564
2357,7.48832
2358,7.70601
2359,7.86184
2360,7.74871
2361,7.5015
2362,7.48708
2363,6.62189
2364,8.17484
2365,7.56147
2366,7.38925
2367,7.43136
2368,8.01986
2369,7.79777
2370,7.52035
2371,7.56742
2372,7.92895
2373,7.99488
2374,7.47387
2375,6.48859
2376,7.19135
2377,7.74747
2378,8.3275
2379,7.57036
2380,7.43618
2381,7.64918
2382,8.38216
2383,7.67731
2384,7.50264
2385,7.61623
2386,8.43566
2387,7.39101
2388,7.50837
2389,7.5329
2390,8.38458
2391,7.27643
2392,7.55344
2393,7.70861
2394,8.07638
2395,7.82066
2396,7.54166
2397,7.5737
2398,5.8408
2399,7.81255
2400,8.44217
2401,7.61528
2402,7.47211
2403,7.62784
2404,5.77628
2405,8.48214
2406,6.52421
2407,8.34194
2408,6.27647
2409,5.79857
2410,7.53408
2411,7.96414
2412,7.94139
2413,7.75792
2414,7.74396
2415,7.99425
2416,8.39195
2417,7.59215
2418,7.49821
2419,7.51838
2420,8.45202
2421,7.66794
2422,7.72551
2423,7.61299
2424,8.36122
2425,7.87
2426,7.67564
2427,7.56947
2428,8.10584
2429,8.18901
2430,7.66581
2431,7.69823
2432,7.8121
2433,8.45952
2434,7.6091
2435,7.73433
2436,6.93385
2437,8.1465
2438,7.16353
2439,7.2462
2440,7.79727
2441,7.78388
2442,8.57408
2443,7.7959
2444,7.75467
2445,7.65582
2446,8.29954
2447,8.1524
2448,7.70085
2449,7.86241
2450,8.18161
2451,8.39205
2452,7.76879
2453,6.71255
2454,7.76914
2455,8.25801
2456,8.19235
2457,7.62889
2458,7.73686
2459,8.19448
2460,8.64325
2461,7.5429
2462,7.76375
2463,6.28409
2464,7.75338
2465,8.46826
2466,8.06826
2467,7.81971
2468,6.22993
2469,7.73201
2470,8.24551
2471,7.95437
2472,7.7454
2473,7.83823
2474,7.77286
2475,8.61454
2476,7.55465
2477,7.82989
2478,7.77985
2479,8.41666
2480,8.07983
2481,7.74303
2482,7.84475
2483,5.95434
2484,7.95117
2485,8.71563
2486,7.71954
2487,7.65337
2488,7.82365
2489,8.38521
2490,8.14465
2491,7.74023
2492,7.93315
2493,8.22867
2494,8.69514
2495,7.75122
2496,7.82924
2497,7.90365
2498,8.69938
2499,7.82878
2500,7.08617
2501,7.78291
2502,6.70172
2503,8.43784
2504,8.18871
2505,7.35074
2506,7.94786
2507,7.71112
2508,8.7498
2509,7.74598
2510,7.68143
2511,7.94482
2512,8.43973
2513,7.35899
2514,7.60075
2515,7.92146
2516,7.86889
2517,8.33968
2518,8.21059
2519,7.95925
2520,6.63088
2521,7.83601
2522,8.34574
2523,8.2868
2524,7.74502
2525,7.84023
2526,7.67905
2527,8.74183
2528,7.78193
2529,7.76172
2530,7.94773
2531,8.35763
2532,8.20559
2533,7.38555
2534,7.8131
2535,7.74744
2536,8.55485
2537,8.07982
2538,7.97111
2539,6.55315
2540,7.83112
2541,8.23636
2542,8.82173
2543,7.70641
2544,7.94268
2545,8.02067
2546,8.55505
2547,5.82858
2548,8.18353
2549,8.03019
2550,8.16
2551,6.23915
2552,8.11081
2553,8.79308
2554,8.11059
2555,8.05536
2556,8.07922
2557,8.5962
2558,8.31892
2559,7.72804
2560,8.01034
2561,7.07683
2562,4.89504
2563,4.71632
2564,5.48086
2565,6.7148
2566,4.8348
2567,4.84811
2568,5.39898
2569,6.5632
2570,7.94087
2571,8.00618
2572,8.41073
2573,8.82034
2574,8.03208
2575,8.02238
2576,7.82677
2577,8.93148
2578,8.02898
2579,7.9019
2580,8.04465
2581,5.13237
2582,5.9997
2583,5.21184
2584,7.46062
2585,7.93573
2586,8.05595
2587,8.80082
2588,8.09471
2589,8.06429
2590,7.85689
2591,8.14967
2592,8.68103
2593,7.89846
2594,7.70671
2595,7.96142
2596,8.46112
2597,8.63135
2598,7.90026
2599,7.85109
2600,7.92896
2601,8.8142
2602,8.08245
2603,8.12194
2604,7.91189
2605,8.0606
2606,8.88677
2607,7.97426
2608,7.72855
2609,8.0729
2610,8.55051
2611,8.46902
2612,7.99094
2613,7.03977
2614,8.09734
2615,8.17993
2616,8.94949
2617,8.05833
2618,8.15576
2619,8.01893
2620,8.56013
2621,8.57026
2622,7.93163
2623,8.17618
2624,6.38241
2625,8.15053
2626,8.48761
2627,8.38975
2628,8.00141
2629,8.20601
2630,7.83193
2631,6.31311
2632,6.2654
2633,6.45628
2634,6.24726
2635,5.5949
2636,4.80122
2637,4.75658
2638,5.46728
2639,8.05777
2640,9.0188
2641,7.95362
2642,8.02047
2643,7.62661
2644,8.18064
2645,8.76888
2646,8.1728
2647,8.2792
2648,8.21666
2649,8.69588
2650,8.53017
2651,8.11977
2652,8.00913
2653,8.04507
2654,8.65877
2655,8.51289
2656,7.68748
2657,7.99045
2658,8.17834
2659,8.55809
2660,8.88868
2661,8.18631
2662,8.2146
2663,6.59983
2664,7.89439
2665,8.71812
2666,8.73969
2667,7.61271
2668,7.96663
2669,8.2418
2670,8.34539
2671,8.88772
2672,8.21396
2673,8.10344
2674,8.15704
2675,8.61605
2676,8.83168
2677,8.08615
2678,7.98509
2679,8.127
2680,6.1432
2681,8.21946
2682,7.37944
2683,7.2871
2684,8.54627
2685,8.03166
2686,8.19572
2687,8.18534
2688,9.21267
2689,8.32954
2690,8.30657
2691,8.34018
2692,8.54476
2693,8.78759
2694,8.35551
2695,8.37516
2696,8.30121
2697,8.79504
2698,8.69532
2699,8.38694
2700,8.19187
2701,7.31057
2702,8.83757
2703,8.93046
2704,8.27038
2705,8.07186
2706,8.37856
2707,9.12902
2708,8.53688
2709,8.0776
2710,8.12053
2711,8.37266
2712,9.00871
2713,8.64756
2714,8.41245
2715,7.15641
2716,8.34011
2717,8.06837
2718,9.10074
2719,8.15745
2720,8.41449
2721,8.285
2722,8.68935
2723,9.22879
2724,8.47102
2725,7.82765
2726,8.4051
2727,8.57515
2728,9.32172
2729,8.49772
2730,7.54227
2731,8.43565
2732,8.26309
2733,9.20094
2734,8.50548
2735,8.47103
2736,8.32707
2737,8.72921
2738,9.11749
2739,8.12687
2740,8.47701
2741,6.76561
2742,6.83007
2743,8.22336
2744,8.98797
2745,9.05821
2746,8.37471
2747,8.45699
2748,8.46476
2749,9.3954
2750,8.32861
2751,8.56023
2752,8.44335
2753,8.41942
2754,9.42773
2755,8.32925
2756,7.70058
2757,7.14717
2758,6.55711
2759,8.50803
2760,8.78122
2761,9.38732
2762,8.56354
2763,8.53102
2764,8.41946
2765,9.08667
2766,8.94957
2767,8.53604
2768,8.46077
2769,8.45168
2770,9.00339
2771,8.99544
2772,7.86316
2773,8.34889
2774,8.54867
2775,9.02272
2776,8.99949
2777,8.49594
2778,8.39523
2779,8.57398
2780,9.40206
2781,8.52722
2782,7.68381
2783,8.57944
2784,8.56444
2785,9.08122
2786,5.16965
2787,5.4141
2788,5.682
2789,4.79931
2790,5.06916
2791,6.72713
2792,6.71716
2793,8.15701
2794,7.64809
2795,6.42408
2796,7.82575
2797,8.78215
2798,7.83398
2799,6.14177
2800,9.49677
2801,8.22517
2802,6.55738
2803,8.59724
2804,8.56204
2805,5.69931
2806,8.53627
2807,8.51574
2808,8.32382
2809,9.25758
2810,8.46717
2811,8.15901
2812,6.80267
2813,8.55426
2814,8.50686
2815,8.62175
2816,8.97911
2817,8.58174
2818,7.53013
2819,8.53061
2820,8.53653
2821,9.59605
2822,8.2011
2823,8.23664
2824,8.502
2825,8.70726
2826,9.21881
2827,9.01985
2828,8.24509
2829,8.58053
2830,8.6446
2831,9.13043
2832,9.0964
2833,8.50406
2834,8.47483
2835,8.75852
2836,9.3272
2837,9.0721
2838,8.20456
2839,8.62892
2840,8.61698
2841,9.12106
2842,9.15475
2843,8.65207
2844,8.65266
2845,8.72801
2846,6.63689
2847,9.33299
2848,9.20887
2849,8.61905
2850,8.72715
2851,6.91626
2852,8.60106
2853,9.25397
2854,8.92553
2855,8.68045
2856,8.45766
2857,8.79085
2858,9.27555
2859,8.90294
2860,8.75148
2861,8.71334
2862,7.06518
2863,8.75615
2864,8.33668
2865,9.32617
2866,8.66123
2867,8.75901
2868,8.67063
2869,9.27309
2870,9.28466
2871,8.80832
2872,8.66438
2873,8.77305
2874,9.23982
2875,9.50193
2876,8.61013
2877,8.65531
2878,8.70065
2879,9.08288
2880,9.74728
2881,8.75684
2882,8.91667
2883,8.39423
2884,9.04254
2885,9.63658
2886,8.88678
2887,8.85895
2888,8.85116
2889,9.46577
2890,9.51638
2891,8.92491
2892,7.79605
2893,8.63719
2894,9.0374
2895,9.66885
2896,8.96464
2897,8.46099
2898,8.82702
2899,8.81981
2900,9.67579
2901,8.59678
2902,8.7311
2903,8.87233
2904,8.88312
2905,9.84939
2906,8.87112
2907,8.91904
2908,8.85204
2909,9.55101
2910,9.83101
2911,8.69261
2912,8.9422
2913,8.95027
2914,9.53955
2915,9.45824
2916,8.56312
2917,8.98611
2918,9.18751
2919,9.54851
2920,8.75308
2921,9.10616
2922,8.98532
2923,8.69617
2924,9.47996
2925,9.52189
2926,8.37508
2927,8.96986
2928,8.44688
2929,9.20687
2930,9.86957
2931,8.93619
2932,9.05562
2933,9.04702
2934,9.38934
2935,9.36682
2936,9.03551
2937,9.03673
2938,8.00949
2939,9.46523
2940,9.68054
2941,9.02743
2942,7.99413
2943,8.95381
2944,9.04649
2945,9.81029
2946,8.44404
2947,8.92052
2948,8.95545
2949,8.88119
2950,9.28724
2951,9.36388
2952,7.74921
2953,7.77347
2954,8.49913
2955,7.4175
2956,8.92278
2957,9.20023
2958,10.0219
2959,8.90246
2960,9.02178
2961,9.03198
2962,9.21917
2963,9.91477
2964,9.16215
2965,9.16901
2966,9.04097
2967,9.57477
2968,9.57799
2969,8.77203
2970,6.20467
2971,9.55238
2972,8.63025
2973,9.1582
2974,9.45162
2975,9.74796
2976,9.13368
2977,9.12421
2978,8.9925
2979,9.68617
2980,9.68035
2981,9.10043
2982,8.96546
2983,9.12302
2984,9.44896
2985,9.3778
2986,9.1424
2987,9.28519
2988,9.13929
2989,9.90391
2990,9.50679
2991,9.08478
2992,9.12432
2993,9.15039
2994,10.167
2995,9.19185
2996,8.4203
2997,8.14934
2998,9.23536
2999,9.22579
3000,10.037
3001,9.21097
3002,9.16152
3003,9.16233
3004,9.14872
3005,10.0509
3006,9.1365
3007,9.19173
3008,9.01268
3009,9.41445
3010,8.7235
3011,9.569
3012,9.02737
3013,9.14091
3014,7.26799
3015,8.96956
3016,9.69214
3017,9.76296
3018,9.16693
3019,9.07528
3020,9.15568
3021,9.80297
3022,9.26576
3023,9.29976
3024,9.27422
3025,9.22116
3026,9.57513
3027,9.49052
3028,9.24002
3029,9.19489
3030,9.0078
3031,9.8442
3032,9.32005
3033,9.25669
3034,9.35006
3035,9.26251
3036,10.1237
3037,9.38455
3038,9.14435
3039,9.30604
3040,9.0597
3041,10.1085
3042,9.2007
3043,9.27871
3044,9.11508
3045,9.31691
3046,10.213
3047,9.22132
3048,8.47821
3049,9.20828
3050,9.30255
3051,8.63323
3052,10.1899
3053,9.28768
3054,9.24846
3055,9.33446
3056,7.19127
3057,9.18316
3058,10.2245
3059,9.27076
3060,9.39212
3061,9.32706
3062,9.4477
3063,10.2976
3064,9.11411
3065,9.42578
3066,9.37179
3067,9.63829
3068,9.92736
3069,9.30361
3070,7.70501
3071,9.17593
3072,9.35467
3073,7.17454
3074,9.41336
3075,10.2864
3076,9.27296
3077,9.51874
3078,9.13673
3079,9.59549
3080,10.3645
3081,9.3126
3082,7.83019
3083,8.5893
3084,8.24786
3085,9.09823
3086,9.31336
3087,8.59649
3088,10.2027
3089,9.41949
3090,9.22272
3091,9.45977
3092,7.36322
3093,9.09941
3094,7.29344
3095,10.0408
3096,9.96636
3097,9.37329
3098,9.45261
3099,9.27103
3100,7.28974
3101,9.52366
3102,10.3773
3103,9.23374
3104,9.43551
3105,9.44898
3106,9.36849
3107,10.0825
3108,9.67621
3109,9.53968
3110,9.17399
3111,9.47531
3112,10.1442
3113,9.57929
3114,9.68293
3115,9.36026
3116,9.45827
3117,10.2683
3118,9.60952
3119,9.56851
3120,8.05037
3121,7.90673
3122,9.34563
3123,9.55844
3124,10.4581
3125,9.46333
3126,8.59405
3127,8.36718
3128,9.30302
3129,7.43377
3130,9.5142
3131,10.1644
3132,9.7679
3133,9.32255
3134,9.45494
3135,9.03766
3136,9.33042
3137,9.33889
3138,8.088
3139,8.17603
3140,8.33986
3141,8.4919
3142,8.17565
3143,8.37492
3144,8.20566
3145,8.0546
3146,7.87021
3147,7.11505
3148,8.29432
3149,8.1737
3150,7.79664
3151,8.25712
3152,6.10711
3153,4.99513
3154,5.42561
3155,5.90161
3156,5.33221
3157,5.96386
3158,7.78394
3159,7.88823
3160,8.47396
3161,7.90918
3162,7.54402
3163,8.16602
3164,8.16221
3165,7.75422
3166,8.58053
3167,8.4995
3168,8.53425
3169,8.52317
3170,9.20102
3171,8.79087
3172,9.04786
3173,8.7351
3174,8.96973
3175,8.18537
3176,7.0458
3177,8.89562
3178,8.9856
3179,9.57992
3180,10.3018
3181,9.19324
3182,9.11291
3183,9.42748
3184,9.40795
3185,9.63627
3186,10.262
3187,9.14268
3188,9.39756
3189,9.34191
3190,9.36151
3191,9.45033
3192,9.66087
3193,10.2906
3194,9.35581
3195,9.29063
3196,9.41149
3197,9.33635
3198,10.1848
3199,9.84741
3200,9.43627
3201,9.28803
3202,9.42383
3203,9.16067
3204,9.28556
3205,10.3809
3206,9.2999
3207,9.47326
3208,9.01301
3209,9.46086
3210,9.24947
3211,9.97214
3212,9.61844
3213,9.445
3214,9.18359
3215,9.14048
3216,9.05375
3217,9.94199
3218,9.98055
3219,8.94825
